Port_IDs,rank
3925368433214965504,140.0
3925368433214965504,139.0
3925368433214965504,138.0
3925368433214965504,137.0
3925368433214965504,136.0
3925368433214965504,135.0
3925368433214965504,134.0
3925368433214965504,133.0
3925368433214965504,132.0
3925368433214965504,131.0
3925368433214965504,130.0
3925368433214965504,129.0
3925368433214965504,128.0
3925368433214965504,127.0
3925368433214965504,126.0
3925368433214965504,125.0
3925368433214965504,124.0
3925368433214965504,123.0
3925368433214965504,122.0
3925368433214965504,121.0
